{"mean":{"confidence_interval":{"confidence_level":0.95,"lower_bound":259682691.242,"upper_bound":274060536.158},"point_estimate":266702534.09,"standard_error":3671164.115286735},"median":{"confidence_interval":{"confidence_level":0.95,"lower_bound":240273617.0,"upper_bound":252355351.0},"point_estimate":240814535.5,"standard_error":3700489.8022608412},"median_abs_dev":{"confidence_interval":{"confidence_level":0.95,"lower_bound":2644061.380058527,"upper_bound":22804341.661942005},"point_estimate":4928511.464801431,"standard_error":5602999.737995897},"slope":null,"std_dev":{"confidence_interval":{"confidence_level":0.95,"lower_bound":32233547.7914007,"upper_bound":40763863.43605707},"point_estimate":37065749.873874374,"standard_error":2171839.7750645876}}