{"mean":{"confidence_interval":{"confidence_level":0.95,"lower_bound":603629640.63775,"upper_bound":638756826.2620001},"point_estimate":620925318.63,"standard_error":8968052.170769878},"median":{"confidence_interval":{"confidence_level":0.95,"lower_bound":577428726.5,"upper_bound":638028327.0},"point_estimate":611602309.5,"standard_error":15664307.089443028},"median_abs_dev":{"confidence_interval":{"confidence_level":0.95,"lower_bound":80439239.14002056,"upper_bound":138370798.1455346},"point_estimate":113645795.8276838,"standard_error":13667131.52130966},"slope":null,"std_dev":{"confidence_interval":{"confidence_level":0.95,"lower_bound":80048549.30169281,"upper_bound":97819059.4552718},"point_estimate":89787555.16153845,"standard_error":4526841.5052405195}}