{"mean":{"confidence_interval":{"confidence_level":0.95,"lower_bound":53255498.2995,"upper_bound":56858475.38025},"point_estimate":54971592.42,"standard_error":919322.2127155209},"median":{"confidence_interval":{"confidence_level":0.95,"lower_bound":52156099.0,"upper_bound":52341891.0},"point_estimate":52338184.0,"standard_error":92625.74670469199},"median_abs_dev":{"confidence_interval":{"confidence_level":0.95,"lower_bound":268414.34703469276,"upper_bound":4158851.026923135},"point_estimate":2530581.695473194,"standard_error":1171250.2824126582},"slope":null,"std_dev":{"confidence_interval":{"confidence_level":0.95,"lower_bound":6972723.110430159,"upper_bound":10916137.06215812},"point_estimate":9222363.164967496,"standard_error":1004995.1822532642}}