{"mean":{"confidence_interval":{"confidence_level":0.95,"lower_bound":993289955.9217501,"upper_bound":994363034.053},"point_estimate":993839483.3,"standard_error":273904.68627182284},"median":{"confidence_interval":{"confidence_level":0.95,"lower_bound":994239331.0,"upper_bound":995476762.0},"point_estimate":995041989.0,"standard_error":327713.99640863977},"median_abs_dev":{"confidence_interval":{"confidence_level":0.95,"lower_bound":1267893.5519903898,"upper_bound":2747533.829874022},"point_estimate":2037646.856224537,"standard_error":394585.63070467894},"slope":null,"std_dev":{"confidence_interval":{"confidence_level":0.95,"lower_bound":2328613.2896130634,"upper_bound":3111699.6267354293},"point_estimate":2755644.0836960087,"standard_error":199958.35324391772}}