{"mean":{"confidence_interval":{"confidence_level":0.95,"lower_bound":334993835.7265,"upper_bound":356871685.386},"point_estimate":345895802.41,"standard_error":5575534.584539454},"median":{"confidence_interval":{"confidence_level":0.95,"lower_bound":320263465.0,"upper_bound":359383844.0},"point_estimate":340998263.5,"standard_error":9581977.418588188},"median_abs_dev":{"confidence_interval":{"confidence_level":0.95,"lower_bound":52323231.08597696,"upper_bound":88015964.80300426},"point_estimate":76263304.3730557,"standard_error":9213124.791713241},"slope":null,"std_dev":{"confidence_interval":{"confidence_level":0.95,"lower_bound":50324679.35228534,"upper_bound":60169039.68891431},"point_estimate":55742894.98271761,"standard_error":2502761.4845693996}}