{"mean":{"confidence_interval":{"confidence_level":0.95,"lower_bound":407990658.61724997,"upper_bound":432832175.39},"point_estimate":420234553.52,"standard_error":6325953.284125003},"median":{"confidence_interval":{"confidence_level":0.95,"lower_bound":379570117.0,"upper_bound":432197034.0},"point_estimate":401544773.0,"standard_error":12636877.065146182},"median_abs_dev":{"confidence_interval":{"confidence_level":0.95,"lower_bound":37967773.73973727,"upper_bound":97325739.32592273},"point_estimate":64544040.248814225,"standard_error":14580164.207825294},"slope":null,"std_dev":{"confidence_interval":{"confidence_level":0.95,"lower_bound":57145129.625229746,"upper_bound":68952495.02221262},"point_estimate":63688133.973827876,"standard_error":3000215.609365005}}