{"mean":{"confidence_interval":{"confidence_level":0.95,"lower_bound":64511896.496,"upper_bound":68645834.6745},"point_estimate":66511214.02,"standard_error":1054880.0272773667},"median":{"confidence_interval":{"confidence_level":0.95,"lower_bound":60144814.0,"upper_bound":60683498.0},"point_estimate":60331193.5,"standard_error":250896.66242288938},"median_abs_dev":{"confidence_interval":{"confidence_level":0.95,"lower_bound":370227.0261796583,"upper_bound":3768163.8987167175},"point_estimate":2640621.7481195927,"standard_error":1048795.7425779572},"slope":null,"std_dev":{"confidence_interval":{"confidence_level":0.95,"lower_bound":8949653.01257843,"upper_bound":11760554.48368315},"point_estimate":10572032.298615074,"standard_error":717864.3681420771}}