{"mean":{"confidence_interval":{"confidence_level":0.95,"lower_bound":157703787.78350002,"upper_bound":162033603.05675},"point_estimate":159885787.76,"standard_error":1105120.9978434823},"median":{"confidence_interval":{"confidence_level":0.95,"lower_bound":158637647.0,"upper_bound":163959300.0},"point_estimate":161164452.0,"standard_error":1294556.6255741157},"median_abs_dev":{"confidence_interval":{"confidence_level":0.95,"lower_bound":8187808.097237349,"upper_bound":13543802.801549435},"point_estimate":11227725.152868032,"standard_error":1330643.9749247653},"slope":null,"std_dev":{"confidence_interval":{"confidence_level":0.95,"lower_bound":9649513.611389663,"upper_bound":12418711.051395763},"point_estimate":11127543.542271558,"standard_error":705427.1552344518}}