{"mean":{"confidence_interval":{"confidence_level":0.95,"lower_bound":981107390.56775,"upper_bound":1025965539.7229999},"point_estimate":1003269528.45,"standard_error":11467366.001106003},"median":{"confidence_interval":{"confidence_level":0.95,"lower_bound":945342597.0,"upper_bound":1025310197.0},"point_estimate":989780878.5,"standard_error":23560246.53079719},"median_abs_dev":{"confidence_interval":{"confidence_level":0.95,"lower_bound":98161182.18719065,"upper_bound":159236575.27428567},"point_estimate":122032272.32139409,"standard_error":15665952.008419305},"slope":null,"std_dev":{"confidence_interval":{"confidence_level":0.95,"lower_bound":100506202.0412401,"upper_bound":127159045.668643},"point_estimate":115033935.66399847,"standard_error":6787702.582711095}}