{"mean":{"confidence_interval":{"confidence_level":0.95,"lower_bound":150508260.65025,"upper_bound":155415573.8135},"point_estimate":152944040.96,"standard_error":1248319.6586252537},"median":{"confidence_interval":{"confidence_level":0.95,"lower_bound":142822651.0,"upper_bound":151079683.0},"point_estimate":142912461.5,"standard_error":2303406.5253593465},"median_abs_dev":{"confidence_interval":{"confidence_level":0.95,"lower_bound":259314.87116374102,"upper_bound":12583983.887189627},"point_estimate":451184.82398986816,"standard_error":3160535.582397623},"slope":null,"std_dev":{"confidence_interval":{"confidence_level":0.95,"lower_bound":11534627.161669834,"upper_bound":13168205.486274526},"point_estimate":12542848.166420462,"standard_error":417623.1506663493}}