{"mean":{"confidence_interval":{"confidence_level":0.95,"lower_bound":80173854.6065,"upper_bound":82460651.82325},"point_estimate":81319575.4,"standard_error":582389.2339644468},"median":{"confidence_interval":{"confidence_level":0.95,"lower_bound":80162313.0,"upper_bound":82929650.0},"point_estimate":81553514.5,"standard_error":685368.299292114},"median_abs_dev":{"confidence_interval":{"confidence_level":0.95,"lower_bound":4508908.985450864,"upper_bound":7513870.040202141},"point_estimate":5935668.313720822,"standard_error":770361.1983050935},"slope":null,"std_dev":{"confidence_interval":{"confidence_level":0.95,"lower_bound":5041597.783494749,"upper_bound":6566132.706791116},"point_estimate":5848627.322969422,"standard_error":388559.85678666434}}