{"mean":{"confidence_interval":{"confidence_level":0.95,"lower_bound":63756621.29875,"upper_bound":65434034.78},"point_estimate":64605188.89,"standard_error":427615.1132285041},"median":{"confidence_interval":{"confidence_level":0.95,"lower_bound":64146196.0,"upper_bound":65617783.5},"point_estimate":64825193.0,"standard_error":345130.083836699},"median_abs_dev":{"confidence_interval":{"confidence_level":0.95,"lower_bound":3206270.7030773163,"upper_bound":6029705.182251334},"point_estimate":4945948.323091865,"standard_error":790722.3695905712},"slope":null,"std_dev":{"confidence_interval":{"confidence_level":0.95,"lower_bound":3689995.8797956095,"upper_bound":4853858.0006427625},"point_estimate":4293663.562606013,"standard_error":297257.7226764734}}