{"mean":{"confidence_interval":{"confidence_level":0.95,"lower_bound":55612530.8425,"upper_bound":59752373.4},"point_estimate":57631666.32,"standard_error":1059021.7394511728},"median":{"confidence_interval":{"confidence_level":0.95,"lower_bound":51032791.0,"upper_bound":51415078.0},"point_estimate":51105710.0,"standard_error":101388.2530493088},"median_abs_dev":{"confidence_interval":{"confidence_level":0.95,"lower_bound":225116.49740338326,"upper_bound":790617.192363739},"point_estimate":333173.5725849867,"standard_error":149955.22557546868},"slope":null,"std_dev":{"confidence_interval":{"confidence_level":0.95,"lower_bound":9096152.83758409,"upper_bound":11706882.397004372},"point_estimate":10631045.047472976,"standard_error":669851.8917256616}}