{"mean":{"confidence_interval":{"confidence_level":0.95,"lower_bound":90278475.6605,"upper_bound":92914130.07175},"point_estimate":91586032.77,"standard_error":674897.369240216},"median":{"confidence_interval":{"confidence_level":0.95,"lower_bound":89534822.0,"upper_bound":92863934.0},"point_estimate":90789495.0,"standard_error":896338.6914818384},"median_abs_dev":{"confidence_interval":{"confidence_level":0.95,"lower_bound":4777903.770375252,"upper_bound":8093712.666007876},"point_estimate":6379479.4267416,"standard_error":840834.0683191824},"slope":null,"std_dev":{"confidence_interval":{"confidence_level":0.95,"lower_bound":5819327.382444161,"upper_bound":7650759.457220186},"point_estimate":6790550.883639879,"standard_error":468637.43443539477}}