{"mean":{"confidence_interval":{"confidence_level":0.95,"lower_bound":12083610.615,"upper_bound":13024439.810100002},"point_estimate":12548611.476,"standard_error":239937.73436241774},"median":{"confidence_interval":{"confidence_level":0.95,"lower_bound":10279185.1,"upper_bound":13439774.899999999},"point_estimate":11428686.0,"standard_error":846529.9052553505},"median_abs_dev":{"confidence_interval":{"confidence_level":0.95,"lower_bound":105212.70713210244,"upper_bound":3628381.1485433574},"point_estimate":1791183.4396201374,"standard_error":914741.5760169924},"slope":null,"std_dev":{"confidence_interval":{"confidence_level":0.95,"lower_bound":2254346.3514657035,"upper_bound":2518855.2879296574},"point_estimate":2412533.1742061637,"standard_error":67278.27215919462}}