{"mean":{"confidence_interval":{"confidence_level":0.95,"lower_bound":35981014.62625,"upper_bound":36852014.900875},"point_estimate":36426087.72,"standard_error":223180.4073780015},"median":{"confidence_interval":{"confidence_level":0.95,"lower_bound":36212065.5,"upper_bound":37847285.5},"point_estimate":37262519.25,"standard_error":412636.00846392836},"median_abs_dev":{"confidence_interval":{"confidence_level":0.95,"lower_bound":1036227.6692032814,"upper_bound":2688567.919318378},"point_estimate":1710932.9717248678,"standard_error":403381.67300915404},"slope":null,"std_dev":{"confidence_interval":{"confidence_level":0.95,"lower_bound":1903336.2333236446,"upper_bound":2533200.567866731},"point_estimate":2242792.8616146618,"standard_error":160858.70348404508}}