{"mean":{"confidence_interval":{"confidence_level":0.95,"lower_bound":4058688.9964230764,"upper_bound":4373452.35476923},"point_estimate":4214637.050769232,"standard_error":80693.9791494091},"median":{"confidence_interval":{"confidence_level":0.95,"lower_bound":3465402.769230769,"upper_bound":4499183.230769231},"point_estimate":3954366.3076923075,"standard_error":235801.6839097512},"median_abs_dev":{"confidence_interval":{"confidence_level":0.95,"lower_bound":229617.78496962338,"upper_bound":1193713.8862073414},"point_estimate":757962.8709203921,"standard_error":264919.5641257059},"slope":null,"std_dev":{"confidence_interval":{"confidence_level":0.95,"lower_bound":758007.0946258932,"upper_bound":848612.5182030507},"point_estimate":811852.3757675593,"standard_error":23133.94388021573}}