{"mean":{"confidence_interval":{"confidence_level":0.95,"lower_bound":40185319.62375,"upper_bound":40935233.114375},"point_estimate":40568922.075,"standard_error":191538.2663004551},"median":{"confidence_interval":{"confidence_level":0.95,"lower_bound":40844401.5,"upper_bound":41744051.25},"point_estimate":41354989.0,"standard_error":262200.954874391},"median_abs_dev":{"confidence_interval":{"confidence_level":0.95,"lower_bound":816274.5671307311,"upper_bound":1978933.3027169108},"point_estimate":1400227.4604409933,"standard_error":332103.3616834731},"slope":null,"std_dev":{"confidence_interval":{"confidence_level":0.95,"lower_bound":1629879.3892185062,"upper_bound":2170356.298394953},"point_estimate":1926472.2122011858,"standard_error":138227.28226326703}}