{"mean":{"confidence_interval":{"confidence_level":0.95,"lower_bound":67319609.79475,"upper_bound":71897045.072},"point_estimate":69577942.06,"standard_error":1168171.3317563129},"median":{"confidence_interval":{"confidence_level":0.95,"lower_bound":60250942.0,"upper_bound":67719314.5},"point_estimate":60576677.0,"standard_error":1932028.2192998452},"median_abs_dev":{"confidence_interval":{"confidence_level":0.95,"lower_bound":322323.16467761993,"upper_bound":11508841.50838472},"point_estimate":812936.9936674833,"standard_error":2722147.8810160886},"slope":null,"std_dev":{"confidence_interval":{"confidence_level":0.95,"lower_bound":10730690.549210157,"upper_bound":12410417.456379766},"point_estimate":11749931.343487434,"standard_error":427515.30197762034}}