{"mean":{"confidence_interval":{"confidence_level":0.95,"lower_bound":674970067.197,"upper_bound":709580754.98325},"point_estimate":692139148.08,"standard_error":8829805.97715488},"median":{"confidence_interval":{"confidence_level":0.95,"lower_bound":641436563.5,"upper_bound":710487555.0},"point_estimate":671334769.0,"standard_error":19229266.2731723},"median_abs_dev":{"confidence_interval":{"confidence_level":0.95,"lower_bound":63491594.41849887,"upper_bound":126425672.68419564},"point_estimate":105405676.41427517,"standard_error":17265255.97415645},"slope":null,"std_dev":{"confidence_interval":{"confidence_level":0.95,"lower_bound":78395609.64398599,"upper_bound":98332966.5576276},"point_estimate":89241617.90581143,"standard_error":5093575.651348461}}