{"mean":{"confidence_interval":{"confidence_level":0.95,"lower_bound":328565231.601,"upper_bound":350485976.03424996},"point_estimate":339412045.29,"standard_error":5584381.980230023},"median":{"confidence_interval":{"confidence_level":0.95,"lower_bound":291473214.0,"upper_bound":338559864.0},"point_estimate":315510181.5,"standard_error":11314012.131325092},"median_abs_dev":{"confidence_interval":{"confidence_level":0.95,"lower_bound":4681417.646688223,"upper_bound":72099327.46058106},"point_estimate":38273595.56670785,"standard_error":16188701.819268301},"slope":null,"std_dev":{"confidence_interval":{"confidence_level":0.95,"lower_bound":50309461.15631924,"upper_bound":60124177.47276359},"point_estimate":55963358.630719885,"standard_error":2509072.6150824977}}