{"mean":{"confidence_interval":{"confidence_level":0.95,"lower_bound":248060897.42875,"upper_bound":265212749.92949998},"point_estimate":256558900.13,"standard_error":4385389.5792271895},"median":{"confidence_interval":{"confidence_level":0.95,"lower_bound":218907254.0,"upper_bound":268130710.0},"point_estimate":243653807.0,"standard_error":12732675.036515985},"median_abs_dev":{"confidence_interval":{"confidence_level":0.95,"lower_bound":7886990.045177937,"upper_bound":75829420.00815868},"point_estimate":44354791.44604504,"standard_error":17944674.532519065},"slope":null,"std_dev":{"confidence_interval":{"confidence_level":0.95,"lower_bound":40260415.04776087,"upper_bound":47007289.45241953},"point_estimate":44109467.51442052,"standard_error":1724110.6070489371}}