{"mean":{"confidence_interval":{"confidence_level":0.95,"lower_bound":110596769.81725,"upper_bound":113343923.66125},"point_estimate":111947329.2,"standard_error":700047.7783009668},"median":{"confidence_interval":{"confidence_level":0.95,"lower_bound":109031167.5,"upper_bound":112261974.5},"point_estimate":110865092.0,"standard_error":931591.9413616364},"median_abs_dev":{"confidence_interval":{"confidence_level":0.95,"lower_bound":5468051.296780184,"upper_bound":9116599.159348011},"point_estimate":7416930.982223153,"standard_error":895959.0020509083},"slope":null,"std_dev":{"confidence_interval":{"confidence_level":0.95,"lower_bound":6077872.050462187,"upper_bound":7885534.461833573},"point_estimate":7052007.250502881,"standard_error":462566.8684731636}}