{"mean":{"confidence_interval":{"confidence_level":0.95,"lower_bound":134780487.1885,"upper_bound":143878846.61850002},"point_estimate":139235416.98,"standard_error":2319787.1092253},"median":{"confidence_interval":{"confidence_level":0.95,"lower_bound":120451678.5,"upper_bound":147572869.0},"point_estimate":123177374.0,"standard_error":6092171.247806521},"median_abs_dev":{"confidence_interval":{"confidence_level":0.95,"lower_bound":5478852.575030923,"upper_bound":37203480.72147866},"point_estimate":10378921.841937304,"standard_error":7507480.281982254},"slope":null,"std_dev":{"confidence_interval":{"confidence_level":0.95,"lower_bound":21413497.856148988,"upper_bound":24622236.214851797},"point_estimate":23310411.28295364,"standard_error":819637.7665119834}}