{"mean":{"confidence_interval":{"confidence_level":0.95,"lower_bound":64382745.99,"upper_bound":68221575.80199999},"point_estimate":66248681.59,"standard_error":985505.54821297},"median":{"confidence_interval":{"confidence_level":0.95,"lower_bound":60334631.0,"upper_bound":60888524.5},"point_estimate":60446099.5,"standard_error":173839.8219488891},"median_abs_dev":{"confidence_interval":{"confidence_level":0.95,"lower_bound":380974.07833635807,"upper_bound":1509175.5782067776},"point_estimate":564899.5006710291,"standard_error":310553.46640518337},"slope":null,"std_dev":{"confidence_interval":{"confidence_level":0.95,"lower_bound":8259783.194180627,"upper_bound":11162387.802007595},"point_estimate":9926810.846194796,"standard_error":742041.0688857267}}