{"mean":{"confidence_interval":{"confidence_level":0.95,"lower_bound":149685350.396,"upper_bound":154283657.12025},"point_estimate":151946037.02,"standard_error":1175078.0010248367},"median":{"confidence_interval":{"confidence_level":0.95,"lower_bound":142963400.0,"upper_bound":149319002.0},"point_estimate":143153031.0,"standard_error":1452026.633951935},"median_abs_dev":{"confidence_interval":{"confidence_level":0.95,"lower_bound":320240.8344820887,"upper_bound":9741022.417347282},"point_estimate":603000.8373945951,"standard_error":2138707.7994339676},"slope":null,"std_dev":{"confidence_interval":{"confidence_level":0.95,"lower_bound":10523099.710703366,"upper_bound":12717024.162357736},"point_estimate":11813858.708071262,"standard_error":561794.5504516709}}