{"mean":{"confidence_interval":{"confidence_level":0.95,"lower_bound":116057417.73725,"upper_bound":118995378.672},"point_estimate":117571536.84,"standard_error":751590.7076067207},"median":{"confidence_interval":{"confidence_level":0.95,"lower_bound":117891143.0,"upper_bound":122355754.0},"point_estimate":120016486.0,"standard_error":1053005.4033155746},"median_abs_dev":{"confidence_interval":{"confidence_level":0.95,"lower_bound":3376631.818252802,"upper_bound":7783731.404811144},"point_estimate":5856791.771221161,"standard_error":1125939.159218259},"slope":null,"std_dev":{"confidence_interval":{"confidence_level":0.95,"lower_bound":6224925.3020541305,"upper_bound":8771954.412277555},"point_estimate":7569754.549903503,"standard_error":649626.7346378568}}