{"mean":{"confidence_interval":{"confidence_level":0.95,"lower_bound":465780413.30825,"upper_bound":488179074.38525003},"point_estimate":476733473.23,"standard_error":5699798.744594882},"median":{"confidence_interval":{"confidence_level":0.95,"lower_bound":439814404.0,"upper_bound":472613901.0},"point_estimate":454434953.5,"standard_error":8448687.46347189},"median_abs_dev":{"confidence_interval":{"confidence_level":0.95,"lower_bound":21991286.801576614,"upper_bound":66391333.12921822},"point_estimate":41856990.77728987,"standard_error":11550549.676119477},"slope":null,"std_dev":{"confidence_interval":{"confidence_level":0.95,"lower_bound":49637975.00334763,"upper_bound":63452711.27420061},"point_estimate":57352072.3410807,"standard_error":3525940.7005130993}}