{"mean":{"confidence_interval":{"confidence_level":0.95,"lower_bound":854280638.342,"upper_bound":891662595.45625},"point_estimate":872874983.79,"standard_error":9555680.24017484},"median":{"confidence_interval":{"confidence_level":0.95,"lower_bound":834735423.0,"upper_bound":896939719.0},"point_estimate":864995259.0,"standard_error":16600554.91357619},"median_abs_dev":{"confidence_interval":{"confidence_level":0.95,"lower_bound":88818986.16804779,"upper_bound":133588844.82012391},"point_estimate":111619069.0615654,"standard_error":11579716.068305707},"slope":null,"std_dev":{"confidence_interval":{"confidence_level":0.95,"lower_bound":84264015.99138261,"upper_bound":106462351.72691524},"point_estimate":96102631.59547386,"standard_error":5662881.234004599}}