{"mean":{"confidence_interval":{"confidence_level":0.95,"lower_bound":56561185.06725,"upper_bound":60888660.64825},"point_estimate":58687645.69,"standard_error":1105384.856360361},"median":{"confidence_interval":{"confidence_level":0.95,"lower_bound":50960152.5,"upper_bound":51287199.0},"point_estimate":51102383.0,"standard_error":296478.13905775297},"median_abs_dev":{"confidence_interval":{"confidence_level":0.95,"lower_bound":175761.48557960987,"upper_bound":3022213.329344988},"point_estimate":335935.6563359499,"standard_error":754018.2286538502},"slope":null,"std_dev":{"confidence_interval":{"confidence_level":0.95,"lower_bound":9941611.688684454,"upper_bound":11944895.220426586},"point_estimate":11147517.755411591,"standard_error":513281.78872383694}}