{"mean":{"confidence_interval":{"confidence_level":0.95,"lower_bound":70465827.15825,"upper_bound":74927446.0475},"point_estimate":72691464.41,"standard_error":1139008.6578933815},"median":{"confidence_interval":{"confidence_level":0.95,"lower_bound":64787127.0,"upper_bound":79199689.0},"point_estimate":73280915.0,"standard_error":3814072.654246522},"median_abs_dev":{"confidence_interval":{"confidence_level":0.95,"lower_bound":8423084.852260351,"upper_bound":19507937.776064873},"point_estimate":19213087.188899517,"standard_error":3213415.482364666},"slope":null,"std_dev":{"confidence_interval":{"confidence_level":0.95,"lower_bound":10720240.71413842,"upper_bound":11978291.445458686},"point_estimate":11437144.526928525,"standard_error":320409.4971950303}}