{"mean":{"confidence_interval":{"confidence_level":0.95,"lower_bound":4006668.962788463,"upper_bound":4316076.536384615},"point_estimate":4160955.361538461,"standard_error":78890.46160869485},"median":{"confidence_interval":{"confidence_level":0.95,"lower_bound":3474131.0,"upper_bound":4638869.769230769},"point_estimate":3568504.923076923,"standard_error":256657.99711858438},"median_abs_dev":{"confidence_interval":{"confidence_level":0.95,"lower_bound":44622.15354625993,"upper_bound":951781.9679948009},"point_estimate":185436.24873092546,"standard_error":282692.14931535604},"slope":null,"std_dev":{"confidence_interval":{"confidence_level":0.95,"lower_bound":743626.9933668696,"upper_bound":825608.861943671},"point_estimate":794886.3750535183,"standard_error":20868.86008861855}}