{"mean":{"confidence_interval":{"confidence_level":0.95,"lower_bound":44161642.908625,"upper_bound":45235376.277125},"point_estimate":44698578.6,"standard_error":274028.9953720045},"median":{"confidence_interval":{"confidence_level":0.95,"lower_bound":43900652.5,"upper_bound":45425578.5},"point_estimate":44506916.75,"standard_error":365818.67546916474},"median_abs_dev":{"confidence_interval":{"confidence_level":0.95,"lower_bound":2358592.6855266094,"upper_bound":4118026.6914904118},"point_estimate":3011610.144983232,"standard_error":458623.32135507703},"slope":null,"std_dev":{"confidence_interval":{"confidence_level":0.95,"lower_bound":2458232.818741796,"upper_bound":3044989.7064261264},"point_estimate":2767640.3660251326,"standard_error":149616.77755662575}}