{"mean":{"confidence_interval":{"confidence_level":0.95,"lower_bound":59099548.271249995,"upper_bound":63349288.44},"point_estimate":61191924.24,"standard_error":1084448.0988674308},"median":{"confidence_interval":{"confidence_level":0.95,"lower_bound":51565811.0,"upper_bound":65582675.5},"point_estimate":57187491.0,"standard_error":4604802.707102562},"median_abs_dev":{"confidence_interval":{"confidence_level":0.95,"lower_bound":1799353.0102550983,"upper_bound":18399055.48047647},"point_estimate":9371446.975323558,"standard_error":5575859.547475768},"slope":null,"std_dev":{"confidence_interval":{"confidence_level":0.95,"lower_bound":10054665.532428099,"upper_bound":11496502.648034286},"point_estimate":10888859.834329886,"standard_error":366071.3538277687}}