{"mean":{"confidence_interval":{"confidence_level":0.95,"lower_bound":11681922.018125001,"upper_bound":12561711.2134375},"point_estimate":12114979.25,"standard_error":224616.7715588289},"median":{"confidence_interval":{"confidence_level":0.95,"lower_bound":10244522.375,"upper_bound":11878323.5},"point_estimate":10489804.375,"standard_error":429260.6321244441},"median_abs_dev":{"confidence_interval":{"confidence_level":0.95,"lower_bound":46862.20529302955,"upper_bound":2455326.4034092426},"point_estimate":405406.39927759767,"standard_error":620909.9357481134},"slope":null,"std_dev":{"confidence_interval":{"confidence_level":0.95,"lower_bound":2076829.9041981213,"upper_bound":2391584.1219441094},"point_estimate":2266908.434130927,"standard_error":80774.67005637074}}