{"mean":{"confidence_interval":{"confidence_level":0.95,"lower_bound":58516890.952250004,"upper_bound":63209952.379999995},"point_estimate":60822468.95,"standard_error":1197391.6394260898},"median":{"confidence_interval":{"confidence_level":0.95,"lower_bound":50997141.0,"upper_bound":59081926.0},"point_estimate":52335178.5,"standard_error":2650701.6671468928},"median_abs_dev":{"confidence_interval":{"confidence_level":0.95,"lower_bound":1221388.0973160267,"upper_bound":14616323.776808381},"point_estimate":5801266.919606924,"standard_error":3408767.6036669854},"slope":null,"std_dev":{"confidence_interval":{"confidence_level":0.95,"lower_bound":11142569.074056065,"upper_bound":12641208.5078372},"point_estimate":12062212.668696651,"standard_error":383124.6198340994}}