{"mean":{"confidence_interval":{"confidence_level":0.95,"lower_bound":338997665.31725,"upper_bound":355442081.55375},"point_estimate":347167734.14,"standard_error":4179802.7741324827},"median":{"confidence_interval":{"confidence_level":0.95,"lower_bound":326421839.0,"upper_bound":359026349.0},"point_estimate":346188571.5,"standard_error":7950448.783349536},"median_abs_dev":{"confidence_interval":{"confidence_level":0.95,"lower_bound":38247808.70536566,"upper_bound":68763969.00169551},"point_estimate":60078605.54239154,"standard_error":7260224.280805721},"slope":null,"std_dev":{"confidence_interval":{"confidence_level":0.95,"lower_bound":37627439.62145145,"upper_bound":45591929.91148221},"point_estimate":41931938.04814112,"standard_error":2031784.9609906327}}