{"mean":{"confidence_interval":{"confidence_level":0.95,"lower_bound":339081844.339,"upper_bound":357658193.1095},"point_estimate":348280149.34,"standard_error":4763878.322312233},"median":{"confidence_interval":{"confidence_level":0.95,"lower_bound":317405852.5,"upper_bound":356070469.0},"point_estimate":334684695.0,"standard_error":9931015.186344039},"median_abs_dev":{"confidence_interval":{"confidence_level":0.95,"lower_bound":26203638.72729242,"upper_bound":73296193.35433245},"point_estimate":49730653.73130441,"standard_error":12561148.493618922},"slope":null,"std_dev":{"confidence_interval":{"confidence_level":0.95,"lower_bound":43234265.209284425,"upper_bound":51455848.5475957},"point_estimate":47879490.5479425,"standard_error":2106529.764304495}}