{"mean":{"confidence_interval":{"confidence_level":0.95,"lower_bound":979565750.268,"upper_bound":1021123732.50375},"point_estimate":999981924.37,"standard_error":10618814.324264983},"median":{"confidence_interval":{"confidence_level":0.95,"lower_bound":957700640.0,"upper_bound":1012448811.5},"point_estimate":984761196.5,"standard_error":13719507.362560483},"median_abs_dev":{"confidence_interval":{"confidence_level":0.95,"lower_bound":92835194.56504583,"upper_bound":146927342.36641824},"point_estimate":125880833.50246847,"standard_error":14537640.447121544},"slope":null,"std_dev":{"confidence_interval":{"confidence_level":0.95,"lower_bound":93322880.09478763,"upper_bound":118019821.02758263},"point_estimate":106651784.24661548,"standard_error":6291966.239156656}}