{"mean":{"confidence_interval":{"confidence_level":0.95,"lower_bound":994324355.81425,"upper_bound":995512681.85075},"point_estimate":994925927.08,"standard_error":303005.4499280143},"median":{"confidence_interval":{"confidence_level":0.95,"lower_bound":994580737.0,"upper_bound":996728395.0},"point_estimate":995108798.5,"standard_error":569396.3263227944},"median_abs_dev":{"confidence_interval":{"confidence_level":0.95,"lower_bound":2472460.0700050592,"upper_bound":4358404.943295344},"point_estimate":3646817.1309560537,"standard_error":501809.3553600553},"slope":null,"std_dev":{"confidence_interval":{"confidence_level":0.95,"lower_bound":2681592.511974951,"upper_bound":3333643.679103825},"point_estimate":3037982.88742289,"standard_error":166418.6744165894}}