{"mean":{"confidence_interval":{"confidence_level":0.95,"lower_bound":234880853.75975,"upper_bound":249366392.40225},"point_estimate":241943675.26,"standard_error":3699111.7573042708},"median":{"confidence_interval":{"confidence_level":0.95,"lower_bound":215333146.0,"upper_bound":236659845.0},"point_estimate":222239113.0,"standard_error":6547817.1597822765},"median_abs_dev":{"confidence_interval":{"confidence_level":0.95,"lower_bound":9652846.674227715,"upper_bound":37670575.4555136},"point_estimate":20950904.1459471,"standard_error":7379765.294230412},"slope":null,"std_dev":{"confidence_interval":{"confidence_level":0.95,"lower_bound":31981886.321787816,"upper_bound":41229667.15111501},"point_estimate":37119864.46204949,"standard_error":2359466.8043718394}}