{"mean":{"confidence_interval":{"confidence_level":0.95,"lower_bound":195540341.01275,"upper_bound":199026729.14575},"point_estimate":197339342.35,"standard_error":891173.8069285859},"median":{"confidence_interval":{"confidence_level":0.95,"lower_bound":198059392.0,"upper_bound":202340308.0},"point_estimate":200348947.5,"standard_error":1207351.8746670668},"median_abs_dev":{"confidence_interval":{"confidence_level":0.95,"lower_bound":4922324.57511127,"upper_bound":9552849.753803015},"point_estimate":7417622.615110874,"standard_error":1231244.6232925304},"slope":null,"std_dev":{"confidence_interval":{"confidence_level":0.95,"lower_bound":7317237.168444483,"upper_bound":10591900.059694195},"point_estimate":8975399.018486308,"standard_error":840486.9073300137}}