{"mean":{"confidence_interval":{"confidence_level":0.95,"lower_bound":272368241.159,"upper_bound":287647041.89},"point_estimate":279918569.16,"standard_error":3892074.450398251},"median":{"confidence_interval":{"confidence_level":0.95,"lower_bound":253017687.0,"upper_bound":290781452.5},"point_estimate":270649969.0,"standard_error":9112051.416996596},"median_abs_dev":{"confidence_interval":{"confidence_level":0.95,"lower_bound":26560774.080652,"upper_bound":64622652.147218585},"point_estimate":45552196.264886856,"standard_error":9157956.181911005},"slope":null,"std_dev":{"confidence_interval":{"confidence_level":0.95,"lower_bound":35637964.8373419,"upper_bound":41887560.09457726},"point_estimate":39100306.66358856,"standard_error":1598636.3336323993}}