{"mean":{"confidence_interval":{"confidence_level":0.95,"lower_bound":199221991.641,"upper_bound":210724809.19},"point_estimate":204911137.66,"standard_error":2938057.8204596806},"median":{"confidence_interval":{"confidence_level":0.95,"lower_bound":182083980.5,"upper_bound":206769599.0},"point_estimate":188783799.5,"standard_error":5745817.3718954045},"median_abs_dev":{"confidence_interval":{"confidence_level":0.95,"lower_bound":8575675.524151325,"upper_bound":38551729.09786999},"point_estimate":17419984.07883346,"standard_error":7262200.451407989},"slope":null,"std_dev":{"confidence_interval":{"confidence_level":0.95,"lower_bound":26273055.136292566,"upper_bound":31891659.831891954},"point_estimate":29478807.168080177,"standard_error":1433198.153660669}}