{"mean":{"confidence_interval":{"confidence_level":0.95,"lower_bound":56472787.834,"upper_bound":60311662.07224999},"point_estimate":58338374.04,"standard_error":981154.78190068},"median":{"confidence_interval":{"confidence_level":0.95,"lower_bound":52221141.5,"upper_bound":52650016.5},"point_estimate":52282172.5,"standard_error":126525.33201660762},"median_abs_dev":{"confidence_interval":{"confidence_level":0.95,"lower_bound":360036.80150806904,"upper_bound":1134336.4985615015},"point_estimate":574940.4089927673,"standard_error":257416.19273819152},"slope":null,"std_dev":{"confidence_interval":{"confidence_level":0.95,"lower_bound":8465650.964633364,"upper_bound":10830167.641152013},"point_estimate":9830160.58878439,"standard_error":605043.9763746149}}