{"mean":{"confidence_interval":{"confidence_level":0.95,"lower_bound":3731212.99621154,"upper_bound":3993353.9603076926},"point_estimate":3858274.932307694,"standard_error":67279.72149572532},"median":{"confidence_interval":{"confidence_level":0.95,"lower_bound":3448859.230769231,"upper_bound":3472132.538461538},"point_estimate":3452507.230769231,"standard_error":7153.455146714615},"median_abs_dev":{"confidence_interval":{"confidence_level":0.95,"lower_bound":6783.516431106178,"upper_bound":40940.40162700794},"point_estimate":13979.264082588214,"standard_error":10238.34287063543},"slope":null,"std_dev":{"confidence_interval":{"confidence_level":0.95,"lower_bound":573301.897033039,"upper_bound":753732.6646415488},"point_estimate":677181.0334089979,"standard_error":46221.862526408404}}