{"mean":{"confidence_interval":{"confidence_level":0.95,"lower_bound":79389211.868,"upper_bound":80356213.58},"point_estimate":79890889.24,"standard_error":247250.2954392167},"median":{"confidence_interval":{"confidence_level":0.95,"lower_bound":80830547.0,"upper_bound":81189097.0},"point_estimate":81070151.0,"standard_error":100479.24303011944},"median_abs_dev":{"confidence_interval":{"confidence_level":0.95,"lower_bound":558949.0856766701,"upper_bound":1220230.7427115736},"point_estimate":792041.9709384441,"standard_error":182931.90320019043},"slope":null,"std_dev":{"confidence_interval":{"confidence_level":0.95,"lower_bound":2001626.6181375983,"upper_bound":2891651.739960339},"point_estimate":2490714.6193114007,"standard_error":226288.93769606273}}