{"mean":{"confidence_interval":{"confidence_level":0.95,"lower_bound":466485542.93175,"upper_bound":466782840.36},"point_estimate":466637436.96,"standard_error":75795.76784422177},"median":{"confidence_interval":{"confidence_level":0.95,"lower_bound":466597250.0,"upper_bound":466858903.5},"point_estimate":466741043.5,"standard_error":67857.93276365794},"median_abs_dev":{"confidence_interval":{"confidence_level":0.95,"lower_bound":538933.9860320091,"upper_bound":857565.4026451679},"point_estimate":682909.2694759369,"standard_error":81886.71772847448},"slope":null,"std_dev":{"confidence_interval":{"confidence_level":0.95,"lower_bound":639971.1157442337,"upper_bound":867597.0339525614},"point_estimate":761348.0709840073,"standard_error":58066.614312065685}}