{"mean":{"confidence_interval":{"confidence_level":0.95,"lower_bound":405471128.78625,"upper_bound":424952500.3835},"point_estimate":415044797.98,"standard_error":4985739.229388467},"median":{"confidence_interval":{"confidence_level":0.95,"lower_bound":391348996.0,"upper_bound":421501910.0},"point_estimate":403414451.0,"standard_error":7705261.538478712},"median_abs_dev":{"confidence_interval":{"confidence_level":0.95,"lower_bound":42456880.3786397,"upper_bound":70083692.02486575},"point_estimate":60702793.47470999,"standard_error":7023021.482134045},"slope":null,"std_dev":{"confidence_interval":{"confidence_level":0.95,"lower_bound":43810607.72617539,"upper_bound":55389499.144697025},"point_estimate":50131813.87193125,"standard_error":2958155.2323645246}}