{"mean":{"confidence_interval":{"confidence_level":0.95,"lower_bound":83004185.6585,"upper_bound":85130785.20799999},"point_estimate":84066892.97,"standard_error":541842.3670461461},"median":{"confidence_interval":{"confidence_level":0.95,"lower_bound":82947787.0,"upper_bound":85318823.0},"point_estimate":84133962.0,"standard_error":515623.9215743117},"median_abs_dev":{"confidence_interval":{"confidence_level":0.95,"lower_bound":4146737.2399806976,"upper_bound":6740927.978477105},"point_estimate":5487173.667383194,"standard_error":644789.137738826},"slope":null,"std_dev":{"confidence_interval":{"confidence_level":0.95,"lower_bound":4670604.696824015,"upper_bound":6152876.6396931615},"point_estimate":5449789.201582637,"standard_error":379761.07175052096}}